Alain Stephan Domnguez Lucas,https://www.twitter.com/alainstephan,http://www.facebook.com/alainpato,http://instagram.com/alainstephan
Alex Sablan,https://www.twitter.com/AlexSablancom,https://facebook.com/alexsablancom,http://instagram.com/a_sablan
Xavier Gass,https://www.twitter.com/XaviGasso,http://www.facebook.com/xgasso,http://instagram.com/xavigasso
Nicole Lapin,https://www.twitter.com/NicoleLapin,http://www.facebook.com/nicolelapin,http://instagram.com/nicolelapin
Mattan Griffel,https://www.twitter.com/mattangriffel,http://www.facebook.com/mattangriffel,http://instagram.com/mattangriffel
Shashank Bharadwaj,https://www.twitter.com/snk,https://www.facebook.com/shashu10,http://instagram.com/shashu10
HerArt SheLoves,https://www.twitter.com/HerArtSheLoves,https://www.facebook.com/HerArtSheLoves,http://instagram.com/herartsheloves
Jon Mitchell,https://twitter.com/ablaze,https://facebook.com/jonmitchellwords,https://instagram.com/everythingisablaze
Adn Montalvo Estrada,https://www.twitter.com/adnmontalvo,http://www.facebook.com/adnmontalvo,http://instagram.com/adnmontalvo
Cristyan J. Moreno,https://www.twitter.com/el_crysto,https://www.facebook.com/cjmoreno,http://instagram.com/el_crysto
Danny Ngan,https://www.twitter.com/poopoorama,http://www.facebook.com/dannyngan,http://instagram.com/dannyngan
Heidi Schnenberg-Hausdorf,http://www.twitter.com/minus78,https://facebook.com/minus78de,http://instagram.com/minus78
Enrique Burgos,https://www.twitter.com/enriqueburgos,https://www.facebook.com/EnriqueBurgos,http://instagram.com/eburgosgarcia
Scott Ladewig,http://www.twitter.com/Ladewig,http://www.facebook.com/ladewig,http://instagram.com/ladewig
Shashank saxena,https://www.twitter.com/shashanksaxena_,https://www.facebook.com/shashanksaxena18,http://instagram.com/shashanksaxena18
Tim Brauhn,http://www.twitter.com/timbrauhn,http://www.facebook.com/tim.brauhn,http://instagram.com/timbrauhn
Mae Hacking,https://www.twitter.com/pmaelee,http://www.facebook.com/pmaelee,http://instagram.com/pmaelee
Shashank Mathur,https://www.twitter.com/shashank_mathur,http://www.facebook.com/shashank.mathur1,http://instagram.com/shashm
Rachel Keslensky,https://www.twitter.com/lastres0rt,http://www.facebook.com/rachel.keslensky,http://instagram.com/lastres0rt
Rich Kirkpatrick,https://www.twitter.com/rkweblog,https://www.facebook.com/kirkpatrick.rich,http://instagram.com/rkweblog
Kyle Seth Gray,http://www.twitter.com/kylesethgray,https://facebook.com/kylesethgray,https://instagram.com/kylesethgray
Reza Prabowo,https://www.twitter.com/rezaprabowo,http://www.facebook.com/rezabudiprabowo,http://instagram.com/rezaprabowo
ssalazars,https://www.twitter.com/ssalazars,http://www.facebook.com/ssalazars,http://instagram.com/ssalazars
Anika Guldstrand,https://www.twitter.com/anikabythesea,https://www.facebook.com/anika.guldstrand,http://instagram.com/lilypads
Mauricio Castrillo Urea,https://www.twitter.com/mjcasure,https://facebook.com/mjcasure,http://instagram.com/mjcasure
Ryan Blais,https://www.twitter.com/airblais,http://www.facebook.com/ryanblais,http://instagram.com/airblais
Kim van Amersfoort,https://www.twitter.com/mediamevrouw,https://facebook.com/kimvanamersfoort,https://instagram.com/mediamevrouw
Jan-Hendrik Senf,https://www.twitter.com/_SENF_,https://facebook.com/senf,http://instagram.com/_senf_
Ryan Sharp,http://www.twitter.com/ryansharp,http://www.facebook.com/ryansharp,http://instagram.com/ryansharp
hatem zidi,https://www.twitter.com/tom_z,http://www.facebook.com/hatem.zidi,http://instagram.com/tom_z
Alex Odam,https://www.twitter.com/alexodam,http://www.facebook.com/alxodm,http://instagram.com/alexodam
Jordan Earles,https://www.twitter.com/jordanearles,http://www.facebook.com/jordan.earles,http://instagram.com/jordanearles
Makoy Peneyra,https://www.twitter.com/AirMak1,http://www.facebook.com/makoy.peneyra,http://instagram.com/mak0y
Chris Blais/Nordmach,https://www.twitter.com/nordmach,http://www.facebook.com/nordmach,http://instagram.com/nordmach
Rob Blaich,https://www.twitter.com/PegCityNerd,https://www.facebook.com/robert.blaich,http://instagram.com/pegcitynerd
Eric Zimmett,https://www.twitter.com/ericzimmett,https://facebook.com/ericbzimmett,http://instagram.com/ericzimmett
Santiago Cesini,https://www.twitter.com/scesini,http://www.facebook.com/scesini,http://instagram.com/scesini
Victor Hernandez,https://www.twitter.com/ToTheVictor,https://www.facebook.com/victorhernandez9,http://instagram.com/victorhernandez
Sophia Tran,https://www.twitter.com/Sophia_Tran,https://facebook.com/sophiatranofficial,http://instagram.com/sophia_tran
Robert A Bernard Jr,https://www.twitter.com/cand3la,http://www.facebook.com/cand3la,http://instagram.com/cand3la
Michael Kunz,https://www.twitter.com/MichiKunz77,http://www.facebook.com/michikunz77,http://instagram.com/michikunz77
Spyridon Kagkas,https://www.twitter.com/spyridonkagkas,https://www.facebook.com/spyridonkagkas,http://instagram.com/pinkgr
Michaelangelo Ilagan,https://www.twitter.com/mikeyil,http://www.facebook.com/mikeyil,http://instagram.com/mikeyil
Jeffrey Kalmikoff,https://www.twitter.com/jeffrey,http://www.facebook.com/jeffreyk,http://instagram.com/jeffrey
dena rochelle smolek,http://www.twitter.com/DenaRochelle,http://www.facebook.com/denasmolek,http://instagram.com/denarochelle
Darren Smith,https://www.twitter.com/DazMSmith,https://facebook.com/hipporoller/,https://instagram.com/dazmsmith
Jamie   A. MacDonald,https://www.twitter.com/MacDonald_Photo,https://facebook.com/JMacDonaldPhoto/,https://instagram.com/MacDonald_Photo
Nicolas Copano,https://www.twitter.com/copano,https://www.facebook.com/nicolascopano/notes,https://instagram.com/copano
Martin Harauer,https://www.twitter.com/feierabendblogr,https://www.facebook.com/martin.harauer,http://instagram.com/feierabendblogr
Mark Ryan,https://www.twitter.com/markryan08,http://www.facebook.com/markryan08,http://instagram.com/markryan08
Karen Michaels,https://www.twitter.com/chicksinger,https://www.facebook.com/karenmerstikmichaels,http://instagram.com/chicksinger
Jhoon Saravia,https://www.twitter.com/jsaravia,https://facebook.com/jhoon,https://instagram.com/jho_on
Silvia Rossi,https://www.twitter.com/silviarossig,http://www.facebook.com/silvia.rossi.it,http://instagram.com/silviarossig
Nikki Gordon-Bloomfield,https://www.twitter.com/aminorjourney,http://www.facebook.com/nikkigordonbloomfield,http://instagram.com/aminorjourney
Josh Felser,https://www.twitter.com/Joshmedia,http://www.facebook.com/joshfelser,http://instagram.com/joshmedia
Chuck Killorin,https://www.twitter.com/chuckkillorin,http://www.facebook.com/chuckkillorin,http://instagram.com/chuckkillorin
Ahmed El-Nakeeb,https://www.twitter.com/ANAKeeB,http://www.facebook.com/AhmedNakeeb,http://instagram.com/nakeeb
Wendy Townley,https://www.twitter.com/wtownley,http://www.facebook.com/wendytownley,http://instagram.com/wendytownley
Justin Valiquette,http://www.twitter.com/JuttyMac,http://www.facebook.com/jvaliquette,http://instagram.com/juttymac
Jessie Jessie,https://www.twitter.com/jesschg,https://www.facebook.com/jesschg,http://instagram.com/jesschg
Daniel D. Moses,https://twitter.com/danieldmoses,https://facebook.com/danieldmoses,http://instagram.com/danieldmoses
Jem-Jem,https://www.twitter.com/Itsmejemjem25,http://www.facebook.com/seeking4you,http://instagram.com/itsmejemjem25
Romina,http://www.twitter.com/redRomina,https://facebook.com/redromina,http://instagram.com/redromina
Michael Tapp,https://www.twitter.com/michaeltapp,http://www.facebook.com/michaelwtapp,http://instagram.com/michaeltapp
Karo Kilfeather,https://www.twitter.com/AspiringKaro,https://www.facebook.com/its.karo,http://instagram.com/aspiringkaro
Saizal Ali,https://twitter.com/alisaizal,https://facebook.com/Saizal-AliThe-Social-Outcast-494017340655334/,https://instagram.com/saizburg
Elena Kalis,https://www.twitter.com/Elena_Kalis,https://facebook.com/elena.kalis.underwater.photography,http://instagram.com/elenakalis
Sandra Schink,https://twitter.com/SandraSchink,https://www.facebook.com/fotoatelier.hamburg,https://www.instagram.com/fotoatelier.hamburg/
Jason Poole,https://www.twitter.com/quanack,https://www.facebook.com/quanack,http://instagram.com/quanack
Jazael Hernndez,https://www.twitter.com/Jazael,https://www.facebook.com/jazael,http://instagram.com/jazaelh
Paulina Salazar,https://www.twitter.com/pepperpau,http://www.facebook.com/paulinasal,http://instagram.com/pepperpau
Thor Muller,https://www.twitter.com/tempo,http://www.facebook.com/Thormuller,http://instagram.com/thormuller
Ricardo Cirujano Torres,http://www.twitter.com/rcirujano,https://facebook.com/rcirujano,https://instagram.com/rcirujano
Grantly Lynch,https://www.twitter.com/GrantlyLynch,https://facebook.com/pages/Corporate-Photography-Ltd/317236524967684,http://instagram.com/trying_to_focus
Boris Baldinger,https://www.twitter.com/borisbaldinger,http://www.facebook.com/borisbaldinger,http://instagram.com/borisbaldinger
Paul (Keith) Kelly Jr.,https://www.twitter.com/realzil,http://www.facebook.com/paulkeithkelly,http://instagram.com/realzil
Pablo Fernandez,https://www.twitter.com/laurindel,http://www.facebook.com/pablofernandezredondo,http://instagram.com/laurindel
Bilal Houri,https://www.twitter.com/bilalhouri,http://www.facebook.com/bilalhouri,http://instagram.com/bilalhouri
Marc Marius Mueller,https://www.twitter.com/muellermm,https://www.facebook.com/marcmariusmueller,http://instagram.com/muellermm
Ross Chang,https://www.twitter.com/byross,http://www.facebook.com/byross,http://instagram.com/byross
Justin Giritlian,https://www.twitter.com/justingiritlian,http://www.facebook.com/justingiritlian,http://instagram.com/justingiritlian
Yasir Nasir,https://www.twitter.com/YasirNasir,https://www.facebook.com/yasirnasir,http://instagram.com/yasirnasir
Adam Rozenhart,https://www.twitter.com/bingofuel,https://www.facebook.com/bingofuel,http://instagram.com/bingofuel
Julieta Campos,https://www.twitter.com/juliettemaxwell,http://www.facebook.com/juliet.campos,http://instagram.com/juliettemaxwell
Patrick Millegan,https://www.twitter.com/pmillegan,https://www.facebook.com/pmillegan,http://instagram.com/psmoovvv
Deepti Jain,https://twitter.com/agilevirgin,https://facebook.com/deepti.jain.2208,http://instagram.com/deeptijain2208
Zane Riley,https://www.twitter.com/zaneriley,http://www.facebook.com/zaneriley,http://instagram.com/zaneriley
Jeku Arce,https://www.twitter.com/jekuarce,https://www.facebook.com/jeku.arce,http://instagram.com/jekuarce
Tara Tiger Brown,https://www.twitter.com/tara,http://www.facebook.com/taralbrown,http://instagram.com/tarabrown
Craig Moss,https://www.twitter.com/WebMoss,https://www.facebook.com/webMoOose,http://instagram.com/webmoss
mike dunn,https://www.twitter.com/glemak,https://www.facebook.com/glemak,http://instagram.com/glemak
My Smart Puppy,https://www.twitter.com/MySmartPuppy,http://www.facebook.com/MySmartPuppy,http://instagram.com/mysmartpuppy
Chris Cree,https://www.twitter.com/ChrisCree,https://www.facebook.com/ChrisCree,http://instagram.com/chriscree
Priyanka Lamba,https://twitter.com/prilamba,https://facebook.com/priyankalamba13,https://instagram.com/PRIYANKA.13
Tejes Nayak,https://www.twitter.com/tejesn,http://www.facebook.com/Tejes.Nayak,http://instagram.com/tejesn
Ardail Smith,https://www.twitter.com/ardailsmith,http://www.facebook.com/Ardail.Smith,http://instagram.com/ardailsmith
Filat Astakhov,https://www.twitter.com/ph1l74,http://www.facebook.com/ph1l74,http://instagram.com/ph1l74
Bill Rousseau,https://www.twitter.com/billrousseau,http://www.facebook.com/billrousseau,http://instagram.com/billrousseau
Buster Benson,https://www.twitter.com/buster,http://www.facebook.com/busterbenson,http://instagram.com/buster
Wil Chow,https://www.twitter.com/JavaJunky,https://www.facebook.com/JavaJunky,https://instagram.com/javajunky
Pete Stean,https://www.twitter.com/ldnative,https://www.facebook.com/peteste,http://instagram.com/londoneer
Joyce Sullivan,https://www.twitter.com/JoyceMSullivan,http://www.facebook.com/joycemsullivan,http://instagram.com/joycemsullivan
Lisa Brewster,https://www.twitter.com/Adora,http://www.facebook.com/lisa.brewster,http://instagram.com/adora
Bean Benson,https://www.twitter.com/BeanBenson,https://www.facebook.com/beanbenson,http://instagram.com/beanbenson
Don Owens,https://www.twitter.com/Donowens,http://www.facebook.com/donowens3,http://instagram.com/colorado14ers
Priyanka Kariya,https://www.twitter.com/tishakariya,https://www.facebook.com/tishakariya,https://instagram.com/priyankakariya
Kelsey Ivey,https://www.twitter.com/KelseyIvey,http://www.facebook.com/kelsey.ivey,http://instagram.com/kelseyivey
Rafal Makiela,https://twitter.com/makielaphoto,https://facebook.com/makielaphotography/,https://instagram.com/dubai_photographer_makiela/
Idris Busari,https://www.twitter.com/rescueranjazz,https://www.facebook.com/resqranjazz,http://instagram.com/rescueranjazz
Priyanka Victor,https://www.twitter.com/meepeevee,https://facebook.com/cookiecrumbsinc,https://instagram.com/cookiecrumbsinc
Xine Segalas,https://www.twitter.com/SegalasPhotoArt,https://www.facebook.com/XineSegalas/,http://instagram.com/xine133
Yas Mean,https://www.twitter.com/grittyyas,http://www.facebook.com/yasmeanalisha,http://instagram.com/pixeletry
Asteris Masouras,https://www.twitter.com/asteris,https://www.facebook.com/asteris.masouras,http://instagram.com/asterismasouras
Sandra Noronha,https://www.twitter.com/sandrabnoronha,https://www.facebook.com/sandra.noronha,http://instagram.com/_sandrabnoronha_
Carrie Kellenberger,https://www.twitter.com/globetrotteri,https://www.facebook.com/globetrotterI,http://instagram.com/carriekellenberger
Felipe Mejia Medina,https://www.twitter.com/FelipeMejiaMV,http://www.facebook.com/felipe.mejia.medina,http://instagram.com/alephoric
Scott J. Walter,https://www.twitter.com/ScottJWalter,https://www.facebook.com/scottjwalter,http://instagram.com/scottjwalter
Abhinandan Chatterjee,https://www.twitter.com/thebongkong,http://www.facebook.com/abhinandan.chatterjee,https://instagram.com/abhilearning
Michael Armstrong,https://www.twitter.com/MAConsultancy1,http://www.facebook.com/ma.consultancy.5,http://instagram.com/maconsultancy
Tara Tallon Whitting,https://www.twitter.com/taratallon,http://www.facebook.com/tarajordantallon,http://instagram.com/tarajordantallon
Priyanka Moza,https://twitter.com/DivaPandit,https://facebook.com/priyanka.divapandit,https://instagram.com/priyankamoza
David Brodie,https://www.twitter.com/brodiedavid,http://www.facebook.com/davidbrodie,http://instagram.com/brodiedavid
Brandon Chiang,https://www.twitter.com/_brandonchiang,https://facebook.com/brandonchiangtherapy,http://instagram.com/brandonchiang
Monique Hanna,http://www.twitter.com/MoniqueHanna,http://www.facebook.com/monique.wilmoth,http://instagram.com/moniquehanna
Manuel J. Morales,https://www.twitter.com/morals415,http://www.facebook.com/morals415,http://instagram.com/sfmanuel
Kat Hunter,https://www.twitter.com/kathunter,http://www.facebook.com/kathunter,http://instagram.com/kathunter
Priyanka Bhattacharya,https://www.twitter.com/Natasha_Jinx,https://www.facebook.com/priyanka.bhattacharya.3914,http://instagram.com/priyanka_bhattacharya51
Alexandra Bigley,https://www.twitter.com/alexandrabigley,http://www.facebook.com/alexandra.bigley,http://instagram.com/sfshopgirl
Sarah Nance,https://www.twitter.com/sarah_nance,http://www.facebook.com/sarahrnance,http://instagram.com/sarahrnance
Doug LeMoine,http://www.twitter.com/douglemoine,http://www.facebook.com/douglemoine,http://instagram.com/douglemoine
Laura Weyl,https://www.twitter.com/METAGASM,http://www.facebook.com/laura.weyl,http://instagram.com/metagasm
patrick t. power,https://www.twitter.com/ptpower,https://www.facebook.com/ptpower,http://instagram.com/ptpower
Lorenzo Montezemolo,https://www.twitter.com/elmofoto,https://www.facebook.com/lorenzo.montezemolo,http://instagram.com/lmontezemolo
Ida Perri,https://www.twitter.com/IdaGlitter,https://facebook.com/idaglitter,http://instagram.com/idaglitter
Muhammad Nasir,https://www.twitter.com/MoAwesomeSauce,https://www.facebook.com/muhmdnsr,http://instagram.com/moawesomesauce
Vassilena Valchanova,https://www.twitter.com/vasvalch,http://www.facebook.com/vasvalch,http://instagram.com/vasvalch
Julius Kakneviius,http://www.twitter.com/juliuslt,http://www.facebook.com/julius1,http://instagram.com/juliuslt
David Grimes,https://www.twitter.com/dgrimes,https://www.facebook.com/dgrimes,http://instagram.com/davidmgrimes
Tanveer Chowdary,http://www.twitter.com/tan1337,http://www.facebook.com/tan1337,http://instagram.com/tan1337
Krich Pratchyawatin,https://www.twitter.com/krazyipod,http://www.facebook.com/crazyipod,http://instagram.com/crazyipod
Divya Rajagopal,https://twitter.com/rdivia,https://www.facebook.com/DivyaRajagopalET,https://instagram.com/DIVYA85
Harshit Sanghvi,https://www.twitter.com/harshit_ps,https://facebook.com/harshit.sanghvi,http://instagram.com/harshit_ps
Salvador R. C.,https://www.twitter.com/salvarc,http://www.facebook.com/salvaruizc,http://instagram.com/salvarc
Vincius Vidal,http://www.twitter.com/viniciusvidal,http://www.facebook.com/viniciusvidal,http://instagram.com/o_barao
Josh Rufer,https://www.twitter.com/GuyWritesCode,https://facebook.com/JHRufer,http://instagram.com/jrufer
Onur Senture,https://www.twitter.com/w00f,http://www.facebook.com/onursenture,https://instagram.com/onursenture
Luigi Busti,https://www.twitter.com/luigibusti,https://www.facebook.com/luigibusti,http://instagram.com/luigibusti
Alex Kotomanov,https://www.twitter.com/kotomanov,http://www.facebook.com/alex.kotomanov,http://instagram.com/kotomanov
zhoutong,https://www.twitter.com/mintwoodx,http://www.facebook.com/tong.zhou.35977,http://instagram.com/zhoutong
Matt Shultz,https://www.twitter.com/mattshultz,http://www.facebook.com/matt.shultz,http://instagram.com/mattshultz
Xavier Gaya Casabn,http://www.twitter.com/xavigaya,http://www.facebook.com/xavi.gaya.3,http://instagram.com/xavigaya
Dave Lee,https://www.twitter.com/DavidALee,http://www.facebook.com/Col.DavidALee,http://instagram.com/davidalee
Heri Purnomo,https://www.twitter.com/herihp,http://www.facebook.com/heri.purnomo,http://instagram.com/herihp
George Couros,https://www.twitter.com/gcouros,http://www.facebook.com/george.couros,http://instagram.com/gcouros
Ian Stacey,https://www.twitter.com/istacey,http://www.facebook.com/istacey,http://instagram.com/ianstacey
Mauro Sanhueza-Celsi,https://www.twitter.com/msanhuezacelsi,https://facebook.com/msanhuezacelsi,http://instagram.com/msanhuezacelsi
Jorge Cisternas,https://twitter.com/jorgecist,https://www.facebook.com/jorgecist,http://instagram.com/jorgecist
Igoryok,https://www.twitter.com/Igoryok,http://www.facebook.com/Igoryok81,http://instagram.com/igoryok_s
Synke Nepolsky,https://www.twitter.com/nsynke,http://www.facebook.com/nsynke,http://instagram.com/nsynke
Anwar Kabir,https://www.twitter.com/anwkabir,https://www.facebook.com/anwkabir,http://instagram.com/anwarkabir
Magdalena (Joveska) Ivanova,https://www.twitter.com/magjov,https://www.facebook.com/magdalena.joveska,http://instagram.com/magjov
Whitney Bryen,https://www.twitter.com/SoonerReporter,http://www.facebook.com/whitneybryen,https://instagram.com/whitneywanders/
Wellfrid Hutagalung,https://www.twitter.com/wellfridhg,http://www.facebook.com/WellfridCroft,http://instagram.com/wellfridhg
Divya Kakkad,https://twitter.com/divyagovil,https://facebook.com/divya.govil,https://instagram.com/the_foodie_story/
Andrew Preble,https://www.twitter.com/AndrewPreble,http://www.facebook.com/andrewpreble,http://instagram.com/apreble77
Kimberly Lawson,https://www.twitter.com/kimberlypdx,https://www.facebook.com/kimberlypdx,http://instagram.com/kimberlymariee
Tina Wong,https://www.twitter.com/twanderingeater,http://www.facebook.com/tina.wong2,https://instagram.com/wanderingeater
Raymond Serna III,https://www.twitter.com/RaYmonDSIII,https://www.facebook.com/RaYmonDSIII,http://instagram.com/raymondsiii
Joey Ngoy,https://www.twitter.com/joeyngoy,http://www.facebook.com/joeyngoy,http://instagram.com/joeyngoy
Kupfer,https://www.twitter.com/sonnenhexer,http://www.facebook.com/michael.kupfer1,http://instagram.com/sonnenhexer
JARA MAE,http://www.twitter.com/jara_mae,https://facebook.com/jaramaev,http://instagram.com/jaramae
Joshua Wagy,https://twitter.com/joshuawagy,http://www.facebook.com/Joshuawagy,https://instagram.com/joshuawagy
fiel patricio,https://www.twitter.com/pfiel,https://www.facebook.com/pfiel,http://instagram.com/pfiel
Francesca Gonzales,https://twitter.com/lagonzi,http://www.facebook.com/lagonzi,http://instagram.com/lagonzi
jared craft,https://www.twitter.com/jaredcraft,http://www.facebook.com/jaredcraft,http://instagram.com/jaredcraft
Neha Palacherla,https://www.twitter.com/npalacherla,http://www.facebook.com/neha.palacherla,http://instagram.com/nehaaaaapa
Vivien Chan,https://www.twitter.com/vivienchan,http://www.facebook.com/vivienchankm,http://instagram.com/vivienkmchan
Shawn Hoefer,https://www.twitter.com/shawnhoefer,http://www.facebook.com/shawn.hoefer,http://instagram.com/shawnhoefer
Jana Seitzer,https://www.twitter.com/merlotmommy,https://www.facebook.com/jseitzer,http://instagram.com/merlotmommy
Edwin Alejandro,https://www.twitter.com/Mr_EWO,http://www.facebook.com/edwin.alejandro.54,http://instagram.com/ewo1edwin
Alison Stripling,https://www.twitter.com/alisonstripling,https://www.facebook.com/hapamamma,http://instagram.com/alisonstripling
BLEU HAYES,https://www.twitter.com/bleuhayes,http://www.facebook.com/bleuhayes,https://instagram.com/bleuhayes
Claire Wickenden,https://www.twitter.com/clairewickenden,http://www.facebook.com/cwickenden,http://instagram.com/clairewickenden
Stefano Carnicelli,https://www.twitter.com/Cagnaccio_,http://www.facebook.com/stef8719,http://instagram.com/cagnaccio87
James Garner,https://www.twitter.com/_jamesgarner,https://www.facebook.com/thejamesgarner,http://instagram.com/jamesgarner101
DreamFactory Entertainment,https://twitter.com/ThomasJLuca,https://www.facebook.com/officialDreamFactoryent,https://instagram.com/dreamfactoryent
Brad Brooks,https://www.twitter.com/ninthart,https://www.facebook.com/ninthart,http://instagram.com/ninthart
Indro Moektiono,https://www.twitter.com/indiedo,http://www.facebook.com/indiego,http://instagram.com/indiedo
Neha Shrivastav,https://www.twitter.com/nehshri01,http://www.facebook.com/neha.shrivastav1,http://instagram.com/nehshri
Kathleen Joyce,https://www.twitter.com/Kjoyce33,https://www.facebook.com/kathleen.joyce.52,http://instagram.com/kjoyce111
Thomas Maniura,https://www.twitter.com/maniura,http://www.facebook.com/Zwitscherland,http://instagram.com/zwitscherland
Jesus Mier,https://www.twitter.com/jesus_mier,https://www.facebook.com/jesusmierfotografo,http://instagram.com/jesusmier
Knyaz Yaqublu,https://www.twitter.com/knyays,http://www.facebook.com/DJKnyaz,http://instagram.com/knyazik
justin edmund,https://www.twitter.com/jedmund,http://www.facebook.com/jedmund,http://instagram.com/jedmund
Vincenzo Di Maria,https://www.twitter.com/vdmdesign,http://www.facebook.com/Vincenzo.DiMaria,http://instagram.com/vdmdesign
Neha More,https://www.twitter.com/nehamore,https://www.facebook.com/nehamore,http://instagram.com/moreneha
francesco fumelli,https://www.twitter.com/franzfume,https://www.facebook.com/francesco.fumelli,http://instagram.com/franzfume
emma farrell,https://www.twitter.com/makeup_emma,http://www.facebook.com/emmafarrell.makeup,http://instagram.com/makeup_emma
Parkinson,https://www.twitter.com/CindiParkinson,http://www.facebook.com/cindiblink182,http://instagram.com/cindiowns
Ignacio Algarn Gonzlez,https://www.twitter.com/ialgarin,http://www.facebook.com/ialgarin,http://instagram.com/ialgaring
Caroline Cordier,https://www.twitter.com/cordiervoodoo,http://www.facebook.com/ccordier2,http://instagram.com/cordiervoodoo
Ana omor,https://www.twitter.com/anabojecimeta,http://www.facebook.com/starbuck.buck.buck,http://instagram.com/anabojecimeta
Joleene Naylor,https://www.twitter.com/joleene_naylor,https://www.facebook.com/joleene.naylor,https://instagram.com/joleenenaylor
tragische,https://www.twitter.com/tragische,https://www.facebook.com/darya.yusova,http://instagram.com/tragische
Roanna Rupinta,https://www.twitter.com/roannarupinta,https://facebook.com/kulaikendi,http://instagram.com/roannarupinta
Kusen Dony Hermansyah,http://www.twitter.com/kadehara,http://www.facebook.com/hilalsinema,http://instagram.com/kadehara
Stephanie M. Ong,https://www.twitter.com/stephanieong,http://www.facebook.com/stephanie.m.ong,http://instagram.com/stephaniesparkles
TREVOR TORRES,https://www.twitter.com/trevortorres,https://www.facebook.com/trevor.torres,http://instagram.com/trevortorres
Ralph Howard,https://www.twitter.com/rhowardjr,https://www.facebook.com/rhowardjr,http://instagram.com/rhowardjr
Dan Weese,https://www.twitter.com/DanWeese,https://facebook.com/danweese,http://instagram.com/danweese
Tonya Overstreet,https://www.twitter.com/frogdiva,http://www.facebook.com/FROGDIVA,http://instagram.com/frogdiva
Casey Knox,https://www.twitter.com/caseymaeknox,http://www.facebook.com/caseymaeknox,http://instagram.com/caseymaeknox
Ryan Goodman,https://www.twitter.com/beefrunner,https://www.facebook.com/AgProudRyan,http://instagram.com/beefrunner
Jenn Turner,https://www.twitter.com/renrutnnej,http://www.facebook.com/renrutnnej,http://instagram.com/renrutnnej
Jeff Shuck,http://www.twitter.com/jeffshuck,http://www.facebook.com/jeff.shuck,http://instagram.com/jeffshuck
Markus Rach,https://www.twitter.com/markusrach,http://www.facebook.com/markus.rach,http://instagram.com/markusrach
Scott Sinclair,https://www.twitter.com/sinclair300584,http://www.facebook.com/sinclair300584,http://instagram.com/sinclair300584
Mihail Fedorov,http://www.twitter.com/2mf,https://www.facebook.com/mihailfedorov,http://instagram.com/kolobus
Thanachart Worrasing,https://www.twitter.com/TNClive,https://www.facebook.com/mrweerayuth,http://instagram.com/tnclive
Hernn Corts Gonzlez,https://twitter.com/church_ill,https://facebook.com/hernan.cortes.gonzalez,https://instagram.com/church_ill
Matteo Adreani,https://www.twitter.com/matteoa,http://www.facebook.com/matteoa,http://instagram.com/matteoa
Mark Gravender,https://www.twitter.com/jettmx,http://www.facebook.com/mark.gravender,http://instagram.com/jettmx
Pamela Lemell,https://www.twitter.com/ladymogullife,http://www.facebook.com/ladymogulbrands,http://instagram.com/ladymogullife
Tyesha Brown,https://www.twitter.com/achicmommy,https://www.facebook.com/Tyesha.brown,http://instagram.com/achicmommy
Sherrie Pui,http://www.twitter.com/cutebun,http://www.facebook.com/sherriepui,http://instagram.com/cutebun
Ryan Sottoway,https://www.twitter.com/ryansottoway,https://www.facebook.com/ryansottoway,http://instagram.com/ryansottoway
Roger Shepard,https://www.twitter.com/rogershepard,https://www.facebook.com/rogershepard,http://instagram.com/rogershepard
Rui Gouveia,https://twitter.com/eddiehoneyhoney,https://www.facebook.com/eddiehoneyglobalinlimited/,https://www.instagram.com/eddie_honey_honey/
Luca Martino,https://www.twitter.com/WholeWorldTrip,http://www.facebook.com/luca.martino.wwt,http://instagram.com/wholeworldtrip
Missy Caulk,https://www.twitter.com/missycaulk,https://www.facebook.com/missycaulk,http://instagram.com/missycaulk
Todd Waller,https://www.twitter.com/ToddWaller,http://www.facebook.com/todd.waller,http://instagram.com/toddwaller
Jeannette Gutierrez,https://www.twitter.com/tunie,http://www.facebook.com/jeannette.gutierrez,http://instagram.com/jeannettegutierrez
edward magbago,https://www.twitter.com/edwardmagbago,https://www.facebook.com/edwardmagbago,http://instagram.com/edwardmagbago
Falk Schmidt,https://www.twitter.com/FalkSchmidt,https://facebook.com/fscde,https://instagram.com/falkschmidt
Shontae Moeller,https://www.twitter.com/Lagrisgris78704,http://www.facebook.com/Shontymoe,http://instagram.com/shontymoe
Gabriele Persi,https://www.twitter.com/GabrielePersi,http://www.facebook.com/gabrielepersi,http://instagram.com/areasciencepark
Ruan Almeida,https://www.twitter.com/ruanmsa,http://www.facebook.com/ruan.almeida.90,http://instagram.com/eruan
Brea Elizabeth Bursch,http://www.twitter.com/cyephotography,http://www.facebook.com/breabursch,http://instagram.com/breabursch
Cat Pennenga,https://www.twitter.com/CatPennenga,http://www.facebook.com/catpennenga,http://instagram.com/catpennenga
Fernando Bergamaschi,https://twitter.com/photoindustrial,https://www.facebook.com/fernando.bergamaschi,https://www.instagram.com/photoindustrialbrazil
Yazeed Bin Suwaidan,https://www.twitter.com/YAZEEDMS,http://www.facebook.com/xyazeedmx,http://instagram.com/yazeedm
Robert Luna,https://www.twitter.com/futurescreen,http://www.facebook.com/lunacreative,http://instagram.com/houseluna
Kip Finch,https://www.twitter.com/kipfinch,https://www.facebook.com/kipfinch,http://instagram.com/kipfinch
Maury Postal,http://www.twitter.com/mopostal,http://www.facebook.com/mopostal,http://instagram.com/mopostal
Christian Vernaschi,https://www.twitter.com/kosodesign,https://www.facebook.com/kosodesign,http://instagram.com/kosodesign
Burak Kayzum,https://www.twitter.com/uracre,https://www.facebook.com/kayzum,http://instagram.com/uracre
RoxiPappa,https://www.twitter.com/ROXiPappa,http://www.facebook.com/RoxStars,http://instagram.com/roxstar58
deddy avianto,https://www.twitter.com/IDberry,http://www.facebook.com/idberry,http://instagram.com/idberry
Luis Fernando Testoni,http://www.twitter.com/luigi_net,http://www.facebook.com/luis.testoni,http://instagram.com/luistestoni
Hoite Polkamp,https://www.twitter.com/hoitepolkamp,http://www.facebook.com/hoite,http://instagram.com/hoitepolkamp
Jacob Davis,https://www.twitter.com/davisj2007,http://www.facebook.com/davisj2007,http://instagram.com/davisj2007
Giffari Rifki Hidayat,https://www.twitter.com/giffaririfki,http://www.facebook.com/giffaririfkihidayat,http://instagram.com/gifigifi
Melissa Carr,https://www.twitter.com/HoneyBeeHolisti,https://www.facebook.com/HoneyBeeHolistics/,https://www.instagram.com/honeybeeholistics/
Becky Pittman,https://www.twitter.com/becky_pittman,https://www.facebook.com/becky.pittman,http://instagram.com/beckypittman
Arron Daniels,https://www.twitter.com/arron_daniels,https://www.facebook.com/SourceHouston,http://instagram.com/arron_daniels
Joseph McMullin,https://twitter.com/joemcmullin,https://facebook.com/joemcmullin,http://instagram.com/joemcmullin
Eric Thomas,https://www.twitter.com/airthom,https://www.facebook.com/airthom,http://instagram.com/airthom
Lucky Lehi Davis,https://www.twitter.com/lnxcwby,https://www.facebook.com/lnxcwby,http://instagram.com/lnxcwby
Ery Caesaria Wardani Wikromo,https://www.twitter.com/EryCWikromo,http://www.facebook.com/erycaesaria,http://instagram.com/erycwikromo
Tracy Playle,https://www.twitter.com/tracyplayle,http://www.facebook.com/tracyplayle,http://instagram.com/tracyplayle
Erbol Muratbek,https://www.twitter.com/MuErbol,http://www.facebook.com/erbol.muratbek,http://instagram.com/erbolmuratbek
Paul-Sorin Tia,http://www.twitter.com/paul_tita,http://www.facebook.com/paul.tita,http://instagram.com/paultita
Duc Nguyen,https://www.twitter.com/mtnsurfer,http://www.facebook.com/ducnguyen,http://instagram.com/duchnguyen
Jeremy D. Franklin,https://www.twitter.com/jeremyfranklin,http://www.facebook.com/jeremyfranklin,http://instagram.com/jeremyfranklin
Judith Furedi,https://www.twitter.com/JohnFan9,https://www.facebook.com/johnlennon.intheirownwrite,http://instagram.com/judithfuredi
Louis A. Sarmiento,https://www.twitter.com/LouisSarmiento,https://www.facebook.com/louissarmiento,http://instagram.com/louissarmiento
Modera,https://www.twitter.com/TheModera,http://www.facebook.com/TheModera,http://instagram.com/themodera
Eugene Martinez,https://www.twitter.com/Ars_Opulenta,https://www.facebook.com/ars.opulenta,http://instagram.com/ars_opulenta
Lucky Plague,https://twitter.com/luckyplague,https://facebook.com/luckyplague,https://instagram.com/luckyplague
Joey DeCaire,https://www.twitter.com/joeydecaire,https://facebook.com/JoeyDG,https://instagram.com/joeydg
Veronica Orellana,http://www.twitter.com/CosmicVero,http://www.facebook.com/verorellana,http://instagram.com/cosmicvero
"Susan ""SusanLuckyWong"" Wong",https://twitter.com/susanluckywong,https://facebook.com/susanluckywong,http://instagram.com/susanluckywong
Ann Marie Alanes,https://twitter.com/amarieCDI,https://facebook.com/conceptdesignsinc,http://instagram.com/malayamai
Gabriel Castro,https://www.twitter.com/Matute09,https://www.facebook.com/matute5,http://instagram.com/matute09
Pedro Alho,https://www.twitter.com/alhopedro,https://www.facebook.com/alhopedro,http://instagram.com/alhopedro
Kevlyn Baker,https://www.twitter.com/kevlyn,http://www.facebook.com/punktchen,http://instagram.com/kevlynm
Dave Edens,https://www.twitter.com/Buzzregog,http://www.facebook.com/dave.edens,http://instagram.com/buzzregog
O'Compley,https://www.twitter.com/mcz_kame,http://www.facebook.com/kamecin,http://instagram.com/lordkamikaze
Matt Vernhout,https://www.twitter.com/EmailKarma,http://www.facebook.com/mvernhout,http://instagram.com/mvern78
Alejandro Andrade,https://www.twitter.com/Axort,http://www.facebook.com/Axort,http://instagram.com/axort
Amanda Blain,https://www.twitter.com/amandablain,https://www.facebook.com/theamandablain,http://instagram.com/amandablain
Marlene Bitzer,https://www.twitter.com/Marlene_Bitzer,http://www.facebook.com/marlene.bitzer,http://instagram.com/marlenebitzer
Linda Grebler,https://www.twitter.com/LGrebs,http://www.facebook.com/bsktwvr,https://instagram.com/l.grebs
Kenya Allmond,https://www.twitter.com/kenya,https://facebook.com/gdgtgrl,https://instagram.com/ken4ya
Kim Pollard,https://www.twitter.com/BookkeeperGirl,http://www.facebook.com/1bookkeepergirl,http://instagram.com/bookkeepergirl
ilaria defilippo,https://www.twitter.com/ilariadefilippo,https://facebook.com/ilaria.defilippo,http://instagram.com/ilariadefilippo
Kurt Wm. Gessler,https://www.twitter.com/kurtgessler,http://www.facebook.com/kurtgessler,http://instagram.com/kurtgessler
Jai Myers,https://www.twitter.com/Jai_Myers,https://www.facebook.com/JaiMyers,http://instagram.com/jai_myers
Valeria Lucky,https://www.twitter.com/lerawhatever_,https://www.facebook.com/kashbievaaa,http://instagram.com/lera_lucky_
j.edward ferguson,https://www.twitter.com/jedwardferguson,http://www.facebook.com/jedwardferguson,http://instagram.com/jedwardferguson
Sal Acevedo (SaulBHP),https://www.twitter.com/SaulBHP,http://www.facebook.com/saulbhp,http://instagram.com/saulbhp
domy nunez,https://www.twitter.com/domynatrix,http://www.facebook.com/domy.nunez,http://instagram.com/domynatrix
Mara Gabriela Bermudez,https://www.twitter.com/mariagab,http://www.facebook.com/mariagabrielabermudez,http://instagram.com/mariagab20
lucky fitria,https://www.twitter.com/luckysandii,https://www.facebook.com/zluckyzz,http://instagram.com/luckyfitria
nina gs,https://www.twitter.com/NinaTwi,http://www.facebook.com/ninags,http://instagram.com/ninatwi
Ramilla Souza,https://www.twitter.com/ramillasouza,http://www.facebook.com/ramilla.souza,http://instagram.com/ramillasouza
Nacarid Lpez,https://www.twitter.com/nacaridlopez,https://www.facebook.com/nacarid,http://instagram.com/nacarid
Pablo Esteban,https://www.twitter.com/guysonecstasy,http://www.facebook.com/peipeibol,http://instagram.com/guysonecstasy
David Heras Verde,https://www.twitter.com/dheras,https://www.facebook.com/DavidHeras,http://instagram.com/dheras
Lucky Lehi Davis,https://www.twitter.com/lnxcwby,https://www.facebook.com/lnxcwby,http://instagram.com/lnxcwby
Alda Rocha,http://www.twitter.com/mjcoffeeholick,http://www.facebook.com/mjcoffeholick,http://instagram.com/mjcoffeeholick
nuzul furqon,https://www.twitter.com/ZulfikRock,http://www.facebook.com/nuzulfurqon,http://instagram.com/zulfikrock
Agung Nugroho,https://www.twitter.com/agungportal,http://www.facebook.com/agungportal.net,http://instagram.com/agungportal
Alexander Debkaliuk,https://www.twitter.com/AlexDbk,http://www.facebook.com/alexanderdebkaliuk,http://instagram.com/alexdbk
Ben Ogren,http://www.twitter.com/benogren,https://www.facebook.com/benogren,http://instagram.com/benogren
Chandan Chaurasia,https://twitter.com/idreamxyz,http://www.facebook.com/channdan,http://instagram.com/kaajoo
Eric Levy,https://www.twitter.com/Butterfest,http://www.facebook.com/ericandreslevy,http://instagram.com/butterfest
Adarsh Girish,https://www.twitter.com/adarshgirish,http://www.facebook.com/adarsh.girish,http://instagram.com/adarshgirish
Ivan Mola,https://www.twitter.com/ivanmola,http://www.facebook.com/ivanmola,http://instagram.com/ivanmola
Gil Goldstein,https://www.twitter.com/gilgoldstein,https://www.facebook.com/gilgoldstein,http://instagram.com/gilgold
Pedro Lavinha,https://www.twitter.com/plavinha,http://www.facebook.com/lavinha,http://instagram.com/plavinha
Maurice Melchers,https://www.twitter.com/mephysto,http://www.facebook.com/mephysto,http://instagram.com/mephysto
Garth Braithwaite,https://www.twitter.com/GarthDB,http://www.facebook.com/garthdb,http://instagram.com/garthdb
Michel Trapani,https://www.twitter.com/michel_trapani,http://www.facebook.com/michel.trapani,http://instagram.com/michel_trapani
Miguel Salazar Velsquez,http://www.twitter.com/Monolo100,http://www.facebook.com/monolo100,http://instagram.com/monolo100
Claire Armstrong,https://www.twitter.com/armst,https://www.facebook.com/claire.armstrong,http://instagram.com/armst
Cyril Scott Jones,https://www.twitter.com/cyriljones,http://www.facebook.com/cyrilscottjones,http://instagram.com/gospelpimp
Emily Bowman,https://www.twitter.com/awesomania,https://www.facebook.com/emilymahood,http://instagram.com/awesomania
Goio Telletxea,https://www.twitter.com/maxkuri,https://www.facebook.com/maxkuri,http://instagram.com/maxkuri
Vasu Chawla,https://twitter.com/VasuChawla,https://facebook.com/vasuchawla26,https://instagram.com/vasuchawla
Dayn Wilberding,http://www.twitter.com/dayn,http://www.facebook.com/daynw,http://instagram.com/dayn
Guillermo Navarro,https://www.twitter.com/bildenlex,https://www.facebook.com/DRGUILLERMONAVARRO,http://instagram.com/bildenlex
Antonio J. Cuevas,https://www.twitter.com/Zeroneuronas,http://www.facebook.com/antonio.j.cuevas,http://instagram.com/zeroneuronas
Ghibril Ariadna,https://www.twitter.com/AriGhibril,https://www.facebook.com/ghibril,http://instagram.com/ghibril